"ETL tool","Open-source availability","Cloud compatibility","Ease of use","Number of integrations","Features and considerations","Ideal use case"
"Apache Airflow","Yes","Yes","Moderate","High","DAG-based workflow, scalability, extensive community support","Complex workflows and orchestrating large-scale, multi-step data pipelines"
"Portable.io","No","Yes","High","Very High","On-demand connectors, no-code, cost-effective pricing","Small to mid-sized companies needing custom connectors for less common data sources"
"IBM Infosphere Datastage","No","Yes","Moderate","High","High-speed processing, metadata support, enterprise-grade","Enterprises with diverse and high-volume data pipelines requiring robust metadata management"
"Oracle Data Integrator","No","Yes","Moderate","High","Extensive connectors, graphical interface, robust management","Companies using Oracle ecosystems or those needing extensive database support"
"Microsoft SSIS","No","Limited","Moderate","Moderate","Built-in transformations, comprehensive documentation","Organizations already invested in Microsoft SQL Server"
"Talend Open Studio","Yes","Yes","High","High","Open-source, user-friendly GUI, active community","Small to mid-sized companies looking for an open-source ETL solution with extensive integration options"
"Pentaho Data Integration","Yes","Yes","Moderate","High","Real-time ETL, graphical interface, Spoon/Kitchen clients","Real-time ETL processing for companies needing flexible, GUI-based workflows"
"Hadoop","Yes","Yes","Low","High","Big data processing, HDFS, MapReduce, high implementation cost","Large enterprises handling massive datasets and requiring distributed data storage and processing"
"AWS Glue","No","Yes","High","High","Serverless, Python/Scala support, flexible processing workloads","Cloud-native companies needing serverless ETL for structured and unstructured data"
"AWS Data Pipeline","No","Yes","High","Moderate","Managed service, fault-tolerant, inexpensive","Basic ETL processes within AWS (but transitioning users should explore AWS Glue or zero-ETL solutions)"
"Azure Data Factory","No","Yes","High","Very High","Many connectors, flexible interfaces, cloud-based","Enterprises with diverse data sources using Microsoftâ€™s Azure ecosystem"
"Google Cloud Dataflow","No","Yes","High","High","Serverless, Apache Beam integration, cost-efficient","Stream or batch data processing within the Google Cloud ecosystem"
"Stitch","No","Yes","High","Moderate","Simple transformations, SaaS connectors, user-friendly","Startups and small teams focusing on simple data replication to data warehouses"
"SAP BusinessObjects","No","Yes","Moderate","High","Enterprise-grade, integrates with SAP, expensive","SAP ERP system users looking for seamless integration"
"Hevo","No","Yes","High","High","Low-code, real-time integration, automatic schema detection","Small to mid-sized businesses needing real-time analytics"
"Qlik Compose","No","Yes","Moderate","High","Automates ETL development, real-time integration with Qlik Replicate","Businesses requiring automated ETL pipelines and integration with Qlik Replicate"
"Integrate.io","No","Yes","High","High","Intuitive interface, no hardware needed, strong security features","Companies prioritizing ease of use and data security"
"Airbyte","Yes","Yes","High","Very High","Open-source, easy connector creation, integrates with dbt","Organizations looking for open-source, customizable ELT solutions"
"Astera Centerprise","No","Yes","High","High","Code-free, AI-powered data extraction, user-friendly","Enterprises seeking no-code ETL tools with AI-powered automation"
"Informatica PowerCenter","No","Yes","High","Very High","Low/no-code tools, wide range of connectors, enterprise-grade","Enterprises handling complex data pipelines with extensive connector needs"
"Estuary","No","Yes","High","Moderate","Real-time data integration, automation, schema evolution, batch and streaming support","Businesses needing real-time analytics for IoT or e-commerce data"
"Fivetran","No","Yes","High","Very High","Automated schema updates, pre-built connectors, real-time replication, optimized for cloud","Companies needing automated, reliable data replication with minimal manual intervention"
"Matillion","No","Yes","High","High","Cloud-native, drag-and-drop interface, complex SQL transformations, scales with cloud infrastructures","Teams maximizing cloud-based data transformation workflows"